ce42426c-cca7-443f-8eea-1c1804e2e43e,Ying hao is gay,YH,gay camp
a27a12d0-a161-4e50-a6d9-33c0203c0e62,Ying hao is gay,YH,gay camp
16e4ddbb-5d38-43b9-8f9d-d19f4a3c26e4,Test,Test,Test
02faf1cf-37f4-4f18-8740-84d11210e586,Test,Test,Test
48643389-e020-498d-a67c-80b95cda4800,China no. 1,JTAN622,China
8ac1895e-8da8-4316-a1df-35327e200821,Why am I not registered?,JTAN622,CampA
9fd2f94d-c269-428b-8f48-6181e984a95f,how do I become gay?,etan100,GAYLAND
e2d8e866-bb2f-4b2e-a74b-b101e2136f40,why bombs 22222?,etan100,Bombs
27a8cca6-04cb-4e48-98ed-8ae53d1019d8,delish,etan100,Banana
ed61ac1f-c880-499c-8785-6702bcc3b00d,why222,etan100,Bombs
c375f61e-8bad-4f2c-bb87-75d27acc7bf4,hi,etan100,Banana
